[
    {
        "id": "9bedde53c5928d8e",
        "type": "tab",
        "label": "Flow 1",
        "disabled": false,
        "info": ""
    },
    {
        "id": "dba08061acecd602",
        "type": "aedes broker",
        "z": "9bedde53c5928d8e",
        "name": "",
        "mqtt_port": "1881",
        "mqtt_ws_bind": "port",
        "mqtt_ws_port": "",
        "mqtt_ws_path": "",
        "cert": "",
        "key": "",
        "certname": "",
        "keyname": "",
        "dburl": "",
        "usetls": false,
        "x": 130,
        "y": 60,
        "wires": [
            [],
            []
        ]
    },
    {
        "id": "fc7bd1f45bcb6462",
        "type": "mqtt out",
        "z": "9bedde53c5928d8e",
        "name": "Publisher 1",
        "topic": "temp",
        "qos": "",
        "retain": "",
        "respTopic": "",
        "contentType": "",
        "userProps": "",
        "correl": "",
        "expiry": "",
        "broker": "20123d93d1994755",
        "x": 810,
        "y": 80,
        "wires": []
    },
    {
        "id": "c2994016af88e194",
        "type": "mqtt out",
        "z": "9bedde53c5928d8e",
        "name": "Publisher 2",
        "topic": "humidity",
        "qos": "",
        "retain": "",
        "respTopic": "",
        "contentType": "",
        "userProps": "",
        "correl": "",
        "expiry": "",
        "broker": "20123d93d1994755",
        "x": 810,
        "y": 140,
        "wires": []
    },
    {
        "id": "7241b5f02c496625",
        "type": "debug",
        "z": "9bedde53c5928d8e",
        "name": "Output 1",
        "active": true,
        "tosidebar": true,
        "console": false,
        "tostatus": false,
        "complete": "payload",
        "targetType": "msg",
        "statusVal": "",
        "statusType": "auto",
        "x": 960,
        "y": 200,
        "wires": []
    },
    {
        "id": "f2cc477f1c9038c5",
        "type": "debug",
        "z": "9bedde53c5928d8e",
        "name": "Output 2",
        "active": true,
        "tosidebar": true,
        "console": false,
        "tostatus": false,
        "complete": "payload",
        "targetType": "msg",
        "statusVal": "",
        "statusType": "auto",
        "x": 960,
        "y": 280,
        "wires": []
    },
    {
        "id": "345e62d4d4ab3ffc",
        "type": "change",
        "z": "9bedde53c5928d8e",
        "name": "Humidity Sensor",
        "rules": [
            {
                "t": "set",
                "p": "payload",
                "pt": "msg",
                "to": "60% percentage",
                "tot": "str"
            }
        ],
        "action": "",
        "property": "",
        "from": "",
        "to": "",
        "reg": false,
        "x": 420,
        "y": 140,
        "wires": [
            [
                "c2994016af88e194"
            ]
        ]
    },
    {
        "id": "50dda0bf52854364",
        "type": "change",
        "z": "9bedde53c5928d8e",
        "name": "Temp Sensor",
        "rules": [
            {
                "t": "set",
                "p": "payload",
                "pt": "msg",
                "to": "22 Degrees Celsius",
                "tot": "str"
            }
        ],
        "action": "",
        "property": "",
        "from": "",
        "to": "",
        "reg": false,
        "x": 410,
        "y": 80,
        "wires": [
            [
                "a14c5f9c440bef3f"
            ]
        ]
    },
    {
        "id": "91c423c2df3f9019",
        "type": "inject",
        "z": "9bedde53c5928d8e",
        "name": "IoT Product System",
        "props": [
            {
                "p": "payload"
            },
            {
                "p": "topic",
                "vt": "str"
            }
        ],
        "repeat": "",
        "crontab": "",
        "once": false,
        "onceDelay": 0.1,
        "topic": "",
        "payload": "",
        "payloadType": "date",
        "x": 110,
        "y": 260,
        "wires": [
            [
                "50dda0bf52854364",
                "345e62d4d4ab3ffc",
                "1b3b85df0f1016e1",
                "90cb723a60a573a6",
                "41d7fabf6099f8a4"
            ]
        ]
    },
    {
        "id": "7c151fb845264a62",
        "type": "switch",
        "z": "9bedde53c5928d8e",
        "name": "Dark or Light",
        "property": "payload",
        "propertyType": "msg",
        "rules": [
            {
                "t": "true"
            },
            {
                "t": "false"
            }
        ],
        "checkall": "true",
        "repair": false,
        "outputs": 2,
        "x": 730,
        "y": 240,
        "wires": [
            [
                "7241b5f02c496625"
            ],
            [
                "f2cc477f1c9038c5"
            ]
        ]
    },
    {
        "id": "1b3b85df0f1016e1",
        "type": "change",
        "z": "9bedde53c5928d8e",
        "name": "Dark",
        "rules": [
            {
                "t": "set",
                "p": "payload",
                "pt": "msg",
                "to": "Dark",
                "tot": "str"
            }
        ],
        "action": "",
        "property": "",
        "from": "",
        "to": "",
        "reg": false,
        "x": 350,
        "y": 320,
        "wires": [
            [
                "afbeba2a0c5ec843"
            ]
        ]
    },
    {
        "id": "90cb723a60a573a6",
        "type": "change",
        "z": "9bedde53c5928d8e",
        "name": "Light",
        "rules": [
            {
                "t": "set",
                "p": "payload",
                "pt": "msg",
                "to": "Light",
                "tot": "str"
            }
        ],
        "action": "",
        "property": "",
        "from": "",
        "to": "",
        "reg": false,
        "x": 350,
        "y": 400,
        "wires": [
            [
                "1ad5e9069624357b"
            ]
        ]
    },
    {
        "id": "afbeba2a0c5ec843",
        "type": "debug",
        "z": "9bedde53c5928d8e",
        "name": "Dark",
        "active": true,
        "tosidebar": true,
        "console": false,
        "tostatus": false,
        "complete": "payload",
        "targetType": "msg",
        "statusVal": "",
        "statusType": "auto",
        "x": 570,
        "y": 320,
        "wires": []
    },
    {
        "id": "1ad5e9069624357b",
        "type": "debug",
        "z": "9bedde53c5928d8e",
        "name": "Light",
        "active": true,
        "tosidebar": true,
        "console": false,
        "tostatus": false,
        "complete": "payload",
        "targetType": "msg",
        "statusVal": "",
        "statusType": "auto",
        "x": 570,
        "y": 400,
        "wires": []
    },
    {
        "id": "74ee731138e49f04",
        "type": "mqtt in",
        "z": "9bedde53c5928d8e",
        "name": " Subscriber 1",
        "topic": "subscriber",
        "qos": "2",
        "datatype": "auto-detect",
        "broker": "20123d93d1994755",
        "nl": false,
        "rap": true,
        "rh": 0,
        "inputs": 0,
        "x": 110,
        "y": 500,
        "wires": [
            [
                "3e61dd4a38f41896"
            ]
        ]
    },
    {
        "id": "3086d32083f04643",
        "type": "mqtt in",
        "z": "9bedde53c5928d8e",
        "name": " Subscriber 3",
        "topic": "subscriber",
        "qos": "2",
        "datatype": "auto-detect",
        "broker": "20123d93d1994755",
        "nl": false,
        "rap": true,
        "rh": 0,
        "inputs": 0,
        "x": 590,
        "y": 500,
        "wires": [
            [
                "dc29e54d7635901b"
            ]
        ]
    },
    {
        "id": "8849b09655bdc544",
        "type": "mqtt in",
        "z": "9bedde53c5928d8e",
        "name": " Subscriber 2",
        "topic": "subscriber",
        "qos": "2",
        "datatype": "auto-detect",
        "broker": "20123d93d1994755",
        "nl": false,
        "rap": true,
        "rh": 0,
        "inputs": 0,
        "x": 350,
        "y": 500,
        "wires": [
            [
                "10085dfc642650a9"
            ]
        ]
    },
    {
        "id": "a14c5f9c440bef3f",
        "type": "range",
        "z": "9bedde53c5928d8e",
        "minin": "0",
        "maxin": "100",
        "minout": "22",
        "maxout": "121",
        "action": "clamp",
        "round": false,
        "property": "payload",
        "name": "Temp Sensor",
        "x": 610,
        "y": 80,
        "wires": [
            [
                "fc7bd1f45bcb6462"
            ]
        ]
    },
    {
        "id": "3e61dd4a38f41896",
        "type": "debug",
        "z": "9bedde53c5928d8e",
        "name": "Output",
        "active": true,
        "tosidebar": true,
        "console": false,
        "tostatus": false,
        "complete": "payload",
        "targetType": "msg",
        "statusVal": "",
        "statusType": "auto",
        "x": 130,
        "y": 620,
        "wires": []
    },
    {
        "id": "10085dfc642650a9",
        "type": "debug",
        "z": "9bedde53c5928d8e",
        "name": "Output",
        "active": true,
        "tosidebar": true,
        "console": false,
        "tostatus": false,
        "complete": "payload",
        "targetType": "msg",
        "statusVal": "",
        "statusType": "auto",
        "x": 370,
        "y": 620,
        "wires": []
    },
    {
        "id": "dc29e54d7635901b",
        "type": "debug",
        "z": "9bedde53c5928d8e",
        "name": "Output",
        "active": true,
        "tosidebar": true,
        "console": false,
        "tostatus": false,
        "complete": "payload",
        "targetType": "msg",
        "statusVal": "",
        "statusType": "auto",
        "x": 610,
        "y": 620,
        "wires": []
    },
    {
        "id": "41d7fabf6099f8a4",
        "type": "BooleanLogic",
        "z": "9bedde53c5928d8e",
        "name": "Sunlight Sensor",
        "operation": "AND",
        "inputCount": "2",
        "topic": "light-drak",
        "x": 470,
        "y": 240,
        "wires": [
            [
                "7c151fb845264a62"
            ]
        ]
    },
    {
        "id": "20123d93d1994755",
        "type": "mqtt-broker",
        "name": "localhost",
        "broker": "localhost",
        "port": "1883",
        "clientid": "",
        "autoConnect": true,
        "usetls": false,
        "protocolVersion": "4",
        "keepalive": "60",
        "cleansession": true,
        "birthTopic": "",
        "birthQos": "0",
        "birthPayload": "",
        "birthMsg": {},
        "closeTopic": "",
        "closeQos": "0",
        "closePayload": "",
        "closeMsg": {},
        "willTopic": "",
        "willQos": "0",
        "willPayload": "",
        "willMsg": {},
        "userProps": "",
        "sessionExpiry": ""
    }
]